City_ID,City,Country,Lat,Lng,Max Temp,Humidity,Cloudiness,Wind Speed,Current Description,Date
0,Chokurdakh,RU,70.6333,147.9167,-19.0,94,98,3.17,Overcast Clouds,2021-11-11 06:05:41
1,Cabo San Lucas,MX,22.8909,-109.9124,25.28,71,0,1.33,Clear Sky,2021-11-11 06:02:39
2,Praia,CV,14.9215,-23.5087,23.3,83,0,3.09,Clear Sky,2021-11-11 06:05:42
3,Punta Arenas,CL,-53.15,-70.9167,8.95,49,53,10.15,Broken Clouds,2021-11-11 06:01:03
4,Ushuaia,AR,-54.8,-68.3,4.81,93,0,1.03,Clear Sky,2021-11-11 06:05:43
5,Taraz,KZ,42.9,71.3667,10.23,40,0,1.0,Clear Sky,2021-11-11 06:05:44
6,Bluff,NZ,-46.6,168.3333,15.75,78,96,6.95,Overcast Clouds,2021-11-11 06:01:12
7,Mezen,RU,65.8522,44.24,0.58,98,100,4.03,Overcast Clouds,2021-11-11 06:05:45
8,Avarua,CK,-21.2078,-159.775,24.03,78,75,6.69,Broken Clouds,2021-11-11 06:05:45
9,Harper,LR,4.375,-7.7169,25.4,87,87,1.88,Light Rain,2021-11-11 06:05:46
10,Cockburn Town,TC,21.4612,-71.1419,27.37,75,93,7.86,Overcast Clouds,2021-11-11 06:05:46
11,Saint-Philippe,RE,-21.3585,55.7679,27.75,66,8,2.13,Clear Sky,2021-11-11 06:05:47
12,Grand Forks,US,47.9417,-97.4337,4.96,93,90,2.57,Overcast Clouds,2021-11-11 06:05:47
13,Visnes,NO,59.3556,5.2242,10.12,87,75,15.43,Broken Clouds,2021-11-11 06:05:48
14,Kamaishi,JP,39.2667,141.8833,12.19,76,60,3.42,Broken Clouds,2021-11-11 06:05:48
15,Kapaa,US,22.0752,-159.319,23.18,72,40,2.06,Scattered Clouds,2021-11-11 06:05:49
16,Constitucion,CL,-35.3333,-72.4167,11.6,77,92,3.26,Overcast Clouds,2021-11-11 06:05:49
17,Flin Flon,CA,54.7682,-101.865,-3.16,78,100,5.23,Overcast Clouds,2021-11-11 06:01:04
18,Nikolskoye,RU,59.7035,30.7861,7.15,92,52,3.92,Broken Clouds,2021-11-11 06:05:50
19,Vaini,TO,-21.2,-175.2,25.09,94,75,1.54,Light Rain,2021-11-11 06:05:50
20,Mar Del Plata,AR,-38.0023,-57.5575,16.16,82,20,0.45,Few Clouds,2021-11-11 06:05:51
21,Port Alfred,ZA,-33.5906,26.891,19.37,71,34,5.55,Scattered Clouds,2021-11-11 06:05:52
22,Rikitea,PF,-23.1203,-134.9692,23.47,80,93,6.45,Light Rain,2021-11-11 06:05:52
23,Saldanha,ZA,-33.0117,17.9442,17.64,83,97,5.63,Overcast Clouds,2021-11-11 06:05:53
24,Albany,US,42.6001,-73.9662,5.23,74,99,1.25,Overcast Clouds,2021-11-11 06:05:53
25,Turukhansk,RU,65.8167,87.9833,-17.51,90,42,3.65,Scattered Clouds,2021-11-11 06:05:54
26,Oranjemund,NA,-28.55,16.4333,17.51,69,1,5.28,Clear Sky,2021-11-11 06:05:54
27,Bredasdorp,ZA,-34.5322,20.0403,19.6,69,75,2.47,Broken Clouds,2021-11-11 06:05:55
28,Belgrade,RS,44.804,20.4651,4.19,84,0,0.45,Clear Sky,2021-11-11 06:01:20
29,Mahebourg,MU,-20.4081,57.7,27.36,66,6,4.21,Clear Sky,2021-11-11 06:01:53
30,Tateyama,JP,34.9833,139.8667,21.68,54,0,12.65,Clear Sky,2021-11-11 06:05:56
31,Georgetown,MY,5.4112,100.3354,30.96,76,20,0.45,Light Rain,2021-11-11 06:01:47
32,Tshikapa,CD,-6.4167,20.8,22.73,87,100,0.15,Overcast Clouds,2021-11-11 06:05:57
33,Brae,GB,60.3964,-1.353,7.95,66,57,12.22,Broken Clouds,2021-11-11 06:05:58
34,Hermanus,ZA,-34.4187,19.2345,19.89,71,74,3.71,Broken Clouds,2021-11-11 06:05:58
35,Dikson,RU,73.5069,80.5464,-19.86,98,91,7.22,Overcast Clouds,2021-11-11 06:05:59
36,Bud,US,39.447,-86.1758,12.4,87,100,4.32,Overcast Clouds,2021-11-11 06:05:59
37,Jamestown,US,42.097,-79.2353,7.8,59,1,0.45,Clear Sky,2021-11-11 06:06:00
38,Shilong,CN,23.1123,113.8425,23.98,26,36,1.6,Scattered Clouds,2021-11-11 06:06:00
39,Cape Town,ZA,-33.9258,18.4232,20.61,68,68,1.79,Broken Clouds,2021-11-11 06:02:30
40,Pangody,RU,65.85,74.4859,-16.3,91,75,3.18,Broken Clouds,2021-11-11 06:06:01
41,Hithadhoo,MV,-0.6,73.0833,28.14,77,54,9.87,Broken Clouds,2021-11-11 06:06:02
42,Yakeshi,CN,49.2833,120.7333,-0.53,28,0,8.81,Clear Sky,2021-11-11 06:06:03
43,Puerto Ayora,EC,-0.7393,-90.3518,20.75,89,44,2.84,Scattered Clouds,2021-11-11 06:06:04
44,Kodiak,US,57.79,-152.4072,-0.27,86,90,4.63,Snow,2021-11-11 06:07:04
45,Poso,ID,-1.3959,120.7524,29.73,70,99,1.7,Overcast Clouds,2021-11-11 06:07:05
46,Vallenar,CL,-28.5708,-70.7581,16.93,55,0,0.2,Clear Sky,2021-11-11 06:07:05
47,Atuona,PF,-9.8,-139.0333,25.54,73,20,6.39,Few Clouds,2021-11-11 06:07:06
48,New Norfolk,AU,-42.7826,147.0587,16.48,53,60,1.79,Broken Clouds,2021-11-11 06:07:07
49,Canmore,CA,51.0834,-115.3521,-2.36,100,9,2.51,Clear Sky,2021-11-11 06:06:19
50,Terrace,CA,54.5163,-128.6035,3.01,100,90,6.17,Mist,2021-11-11 06:07:08
51,Mataura,NZ,-46.1927,168.8643,20.37,58,100,2.39,Overcast Clouds,2021-11-11 06:07:08
52,Isangel,VU,-19.55,169.2667,26.2,78,68,3.94,Broken Clouds,2021-11-11 06:07:09
53,Busselton,AU,-33.65,115.3333,22.27,42,3,4.23,Clear Sky,2021-11-11 06:04:07
54,Vinh,VN,18.6667,105.6667,22.46,64,100,1.91,Overcast Clouds,2021-11-11 06:07:10
55,Nagato,JP,34.3833,131.2,15.67,61,100,7.78,Overcast Clouds,2021-11-11 06:07:11
56,Kismayo,SO,-0.3582,42.5454,28.33,66,9,3.43,Clear Sky,2021-11-11 06:07:11
57,Airai,TL,-8.9266,125.4092,21.98,78,94,0.4,Moderate Rain,2021-11-11 06:07:12
58,Ponta Do Sol,PT,32.6667,-17.1,20.0,75,10,2.14,Clear Sky,2021-11-11 06:07:12
59,Byron Bay,AU,-28.65,153.6167,25.59,94,97,5.92,Light Rain,2021-11-11 06:02:30
60,Neuquen,AR,-38.9516,-68.0591,19.11,51,96,2.43,Overcast Clouds,2021-11-11 06:07:13
61,Qaanaaq,GL,77.484,-69.3632,-21.39,72,1,3.32,Clear Sky,2021-11-11 06:07:14
62,Hilo,US,19.7297,-155.09,22.85,86,40,2.06,Scattered Clouds,2021-11-11 06:05:39
63,Shimoda,JP,34.6667,138.95,18.06,56,2,11.45,Clear Sky,2021-11-11 06:07:15
64,Parauna,BR,-16.9478,-50.4486,21.1,93,100,2.37,Overcast Clouds,2021-11-11 06:07:15
65,Kruisfontein,ZA,-34.0033,24.7314,19.38,62,84,2.55,Broken Clouds,2021-11-11 06:07:16
66,Luderitz,NA,-26.6481,15.1594,22.08,45,1,7.38,Clear Sky,2021-11-11 06:07:17
67,Tautira,PF,-17.7333,-149.15,27.01,76,59,6.83,Broken Clouds,2021-11-11 06:04:06
68,Feijo,BR,-8.1642,-70.3536,22.04,97,97,0.76,Overcast Clouds,2021-11-11 06:07:18
69,Ulaanbaatar,MN,47.9077,106.8832,0.07,40,0,4.0,Clear Sky,2021-11-11 06:07:18
70,Hobart,AU,-42.8794,147.3294,16.68,68,40,1.34,Scattered Clouds,2021-11-11 06:07:19
71,Angoche,MZ,-16.2325,39.9086,29.51,64,1,1.81,Clear Sky,2021-11-11 06:07:19
72,La Peca,PE,-5.6111,-78.435,20.0,87,95,0.89,Overcast Clouds,2021-11-11 06:07:20
73,Wonthaggi,AU,-38.6044,145.5913,17.89,61,43,4.01,Scattered Clouds,2021-11-11 06:04:59
74,Sora,IT,41.7157,13.6141,16.49,86,100,2.47,Overcast Clouds,2021-11-11 06:07:21
75,Burnie,AU,-41.0667,145.9167,18.3,48,8,2.61,Clear Sky,2021-11-11 06:07:21
76,Gat,IL,31.61,34.7642,19.67,56,16,1.38,Few Clouds,2021-11-11 06:05:03
77,Rio Verde De Mato Grosso,BR,-18.9181,-54.8442,22.62,92,100,3.67,Heavy Intensity Rain,2021-11-11 06:07:22
78,Ancud,CL,-41.8697,-73.8203,5.24,84,84,3.22,Broken Clouds,2021-11-11 06:07:23
79,Chingola,ZM,-12.529,27.8838,26.01,34,20,5.28,Few Clouds,2021-11-11 06:07:23
80,Port Elizabeth,ZA,-33.918,25.5701,20.61,67,78,3.12,Broken Clouds,2021-11-11 06:07:17
81,Iqaluit,CA,63.7506,-68.5145,-13.09,83,84,5.81,Broken Clouds,2021-11-11 06:07:24
82,Saint-Augustin,CA,51.226,-58.6502,1.73,78,100,4.03,Overcast Clouds,2021-11-11 06:07:25
83,Tuktoyaktuk,CA,69.4541,-133.0374,-8.44,95,100,2.87,Overcast Clouds,2021-11-11 06:07:25
84,Ust-Kut,RU,56.7938,105.7672,2.26,80,100,6.84,Overcast Clouds,2021-11-11 06:07:26
85,Lagoa,PT,39.05,-27.9833,19.19,79,98,5.22,Overcast Clouds,2021-11-11 06:07:26
86,Baiyin,CN,36.5583,104.2081,2.27,25,5,4.57,Clear Sky,2021-11-11 06:07:27
87,Butaritari,KI,3.0707,172.7902,28.24,70,7,5.3,Clear Sky,2021-11-11 06:07:27
88,Zabid,YE,14.1951,43.3152,29.41,42,12,0.87,Few Clouds,2021-11-11 06:07:28
89,Thompson,CA,55.7435,-97.8558,-5.94,92,100,3.92,Overcast Clouds,2021-11-11 06:07:29
90,Rio Gallegos,AR,-51.6226,-69.2181,7.39,55,29,1.32,Scattered Clouds,2021-11-11 06:08:29
91,Benguela,AO,-12.5763,13.4055,24.12,87,95,1.43,Overcast Clouds,2021-11-11 06:08:30
92,Castro,BR,-24.7911,-50.0119,13.72,98,100,3.53,Moderate Rain,2021-11-11 06:08:30
93,Kaitangata,NZ,-46.2817,169.8464,16.63,80,71,5.3,Broken Clouds,2021-11-11 06:08:31
94,Tuatapere,NZ,-46.1333,167.6833,16.57,78,100,1.48,Overcast Clouds,2021-11-11 06:08:31
95,Muslyumovo,RU,55.3033,53.1947,-3.97,60,3,3.97,Clear Sky,2021-11-11 06:08:32
96,Ponta Delgada,PT,37.7333,-25.6667,20.4,88,40,1.54,Scattered Clouds,2021-11-11 06:08:32
97,Corum,TR,40.5,34.75,-0.02,72,8,1.53,Clear Sky,2021-11-11 06:08:33
98,Havre-Saint-Pierre,CA,50.2334,-63.5986,1.21,62,48,5.23,Scattered Clouds,2021-11-11 06:08:34
99,Praia Da Vitoria,PT,38.7333,-27.0667,19.86,86,100,0.68,Overcast Clouds,2021-11-11 06:08:34
100,Kaeo,NZ,-35.1,173.7833,20.18,76,58,3.05,Broken Clouds,2021-11-11 06:08:35
101,Machinga,MW,-15.1685,35.3,28.3,52,5,0.76,Clear Sky,2021-11-11 06:08:35
102,Marsabit,KE,2.3284,37.9899,21.54,65,65,8.78,Broken Clouds,2021-11-11 06:08:36
103,Chuy,UY,-33.6971,-53.4616,14.19,66,68,3.62,Broken Clouds,2021-11-11 06:08:37
104,Provideniya,RU,64.3833,-173.3,-10.64,81,34,1.29,Scattered Clouds,2021-11-11 06:08:37
105,Yabassi,CM,4.457,9.9682,23.93,98,100,0.42,Overcast Clouds,2021-11-11 06:08:38
106,Kumluca,TR,36.3703,30.2869,18.15,36,3,0.71,Clear Sky,2021-11-11 06:08:38
107,Son La,VN,21.3167,103.9,22.69,61,29,1.94,Scattered Clouds,2021-11-11 06:08:39
108,Bowen,AU,-20.0167,148.2333,28.5,75,56,6.93,Broken Clouds,2021-11-11 06:08:40
109,Christchurch,NZ,-43.5333,172.6333,17.19,72,55,3.58,Broken Clouds,2021-11-11 06:07:20
110,Alta Floresta,BR,-9.8756,-56.0861,20.86,99,100,1.14,Light Rain,2021-11-11 06:08:41
111,Iquique,CL,-20.2208,-70.1431,16.02,72,55,1.08,Broken Clouds,2021-11-11 06:03:58
112,Ribeira Grande,PT,38.5167,-28.7,19.23,78,100,3.06,Overcast Clouds,2021-11-11 06:08:42
113,Benjamin Hill,MX,30.1667,-111.1,17.42,30,0,3.8,Clear Sky,2021-11-11 06:08:42
114,Bentiu,SS,9.2333,29.8333,29.12,52,71,1.75,Broken Clouds,2021-11-11 06:08:43
115,Padang,ID,-0.9492,100.3543,30.03,73,99,2.51,Light Rain,2021-11-11 06:08:43
116,Hofn,IS,64.2539,-15.2082,-0.06,65,11,5.34,Few Clouds,2021-11-11 06:08:44
117,Aklavik,CA,68.2191,-135.0107,-8.6,96,100,1.66,Overcast Clouds,2021-11-11 06:08:44
118,Sola,VU,-13.8833,167.55,27.89,76,20,6.24,Few Clouds,2021-11-11 06:08:45
119,Cizre,TR,37.3272,42.1903,15.56,41,0,4.63,Clear Sky,2021-11-11 06:08:45
120,Richards Bay,ZA,-28.783,32.0377,23.25,73,7,4.84,Clear Sky,2021-11-11 06:08:46
121,Monrovia,LR,6.3005,-10.7969,23.87,85,99,1.64,Light Rain,2021-11-11 06:08:46
122,Bijar,IR,35.8668,47.6051,4.13,70,100,7.69,Overcast Clouds,2021-11-11 06:08:47
123,Lavrentiya,RU,65.5833,-171.0,-13.46,93,32,2.16,Scattered Clouds,2021-11-11 06:08:48
124,Nanortalik,GL,60.1432,-45.2371,-5.78,55,99,1.27,Overcast Clouds,2021-11-11 06:08:48
125,Alofi,NU,-19.0595,-169.9187,25.66,79,100,5.25,Overcast Clouds,2021-11-11 06:08:49
126,Karasjok,NO,69.4719,25.5112,-1.94,93,86,1.2,Overcast Clouds,2021-11-11 06:08:49
127,Emba,KZ,48.8264,58.1442,1.39,91,100,8.1,Overcast Clouds,2021-11-11 06:08:50
128,Adrar,MR,20.5022,-10.0711,21.17,11,100,3.59,Overcast Clouds,2021-11-11 06:08:51
129,Baft,IR,29.234,56.6057,9.34,36,0,1.09,Clear Sky,2021-11-11 06:08:51
130,Ilulissat,GL,69.2167,-51.1,-10.99,44,20,9.26,Few Clouds,2021-11-11 06:08:52
131,Norman Wells,CA,65.282,-126.8329,-12.14,99,81,0.58,Broken Clouds,2021-11-11 06:08:53
132,Geraldton,AU,-28.7667,114.6,24.23,41,0,8.23,Clear Sky,2021-11-11 06:08:53
133,Lugovoy,KZ,42.9472,72.7644,10.68,37,0,2.44,Clear Sky,2021-11-11 06:08:54
134,Shingu,JP,33.7333,135.9833,17.15,55,9,4.99,Clear Sky,2021-11-11 06:08:55
135,Sao Filipe,CV,14.8961,-24.4956,24.44,74,35,2.81,Scattered Clouds,2021-11-11 06:08:55
136,Kokopo,PG,-4.352,152.2633,28.78,69,80,0.93,Light Rain,2021-11-11 06:08:56
137,Puerto Baquerizo Moreno,EC,-0.9,-89.6,20.52,90,93,4.35,Overcast Clouds,2021-11-11 06:08:56
138,Osakarovka,KZ,50.565,72.5692,0.79,38,100,7.13,Overcast Clouds,2021-11-11 06:09:57
139,Porto Belo,BR,-27.1578,-48.5531,20.54,84,100,3.59,Heavy Intensity Rain,2021-11-11 06:09:57
140,Narsipatnam,IN,17.6667,82.6167,25.67,71,96,5.73,Overcast Clouds,2021-11-11 06:09:09
141,Kloulklubed,PW,7.0419,134.2556,29.28,85,100,8.17,Overcast Clouds,2021-11-11 06:09:58
142,Arraial Do Cabo,BR,-22.9661,-42.0278,21.46,74,100,2.77,Overcast Clouds,2021-11-11 06:08:26
143,Chepareria,KE,1.3077,35.2039,21.31,54,90,0.57,Overcast Clouds,2021-11-11 06:09:59
144,Jiangyou,CN,31.7667,104.7167,15.68,48,72,2.17,Broken Clouds,2021-11-11 06:09:59
145,Grand-Santi,GF,4.25,-54.3833,21.61,100,58,0.95,Broken Clouds,2021-11-11 06:10:00
146,Bagan,RU,54.1001,77.6646,3.83,97,100,5.22,Light Rain,2021-11-11 06:10:01
147,Saint-Francois,FR,46.4154,3.9054,3.6,95,38,2.57,Scattered Clouds,2021-11-11 06:10:01
148,Vardo,NO,70.3705,31.1107,1.11,81,98,9.89,Overcast Clouds,2021-11-11 06:10:02
149,Emerald,AU,-23.5333,148.1667,31.66,30,96,7.78,Overcast Clouds,2021-11-11 06:10:03
150,Hobyo,SO,5.3505,48.5268,28.68,60,73,5.87,Broken Clouds,2021-11-11 06:06:20
151,Tabou,CI,4.423,-7.3528,24.61,90,87,0.63,Light Rain,2021-11-11 06:10:04
152,Saskylakh,RU,71.9167,114.0833,-32.76,100,78,1.61,Broken Clouds,2021-11-11 06:10:05
153,Galesong,ID,-5.3166,119.3661,30.01,69,94,3.8,Overcast Clouds,2021-11-11 06:08:09
154,Makakilo City,US,21.3469,-158.0858,24.2,70,20,1.54,Few Clouds,2021-11-11 06:10:06
155,Vila Franca Do Campo,PT,37.7167,-25.4333,20.23,91,88,3.14,Overcast Clouds,2021-11-11 06:10:07
156,Gamba,GA,-2.65,10.0,24.4,91,100,1.62,Light Rain,2021-11-11 06:10:08
157,Lompoc,US,34.6391,-120.4579,19.4,47,1,3.09,Clear Sky,2021-11-11 06:10:08
158,Buta,CD,2.7858,24.73,22.81,95,100,0.41,Overcast Clouds,2021-11-11 06:10:09
159,Vanimo,PG,-2.6741,141.3028,30.05,69,81,3.63,Broken Clouds,2021-11-11 06:10:09
160,Berlevag,NO,70.8578,29.0864,3.97,93,75,9.26,Broken Clouds,2021-11-11 06:10:10
161,Bereda,ES,43.2686,-7.5406,5.32,100,23,0.41,Few Clouds,2021-11-11 06:10:10
162,Zhezkazgan,KZ,47.8043,67.7144,5.47,37,100,5.62,Overcast Clouds,2021-11-11 06:10:11
163,Yellowknife,CA,62.456,-114.3525,-3.66,100,90,8.23,Light Snow,2021-11-11 06:10:12
164,Silver City,US,32.7701,-108.2803,10.35,37,40,1.34,Scattered Clouds,2021-11-11 06:10:12
165,Ranghulu,CN,46.65,124.8667,-0.31,72,39,5.99,Scattered Clouds,2021-11-11 06:10:13
166,Laizhou,CN,37.1717,119.9214,9.3,44,7,8.95,Clear Sky,2021-11-11 06:10:13
167,Faanui,PF,-16.4833,-151.75,26.45,75,28,7.31,Light Rain,2021-11-11 06:10:14
168,Kieta,PG,-6.2167,155.6333,28.86,74,86,1.74,Light Rain,2021-11-11 06:10:14
169,Turinskaya Sloboda,RU,57.6232,64.3858,-5.65,70,25,1.94,Scattered Clouds,2021-11-11 06:10:15
170,Torbay,CA,47.6666,-52.7314,6.99,90,100,0.45,Light Rain,2021-11-11 06:05:51
171,Donskoye,RU,45.4552,41.9741,1.07,69,12,3.4,Few Clouds,2021-11-11 06:10:16
172,Naze,JP,28.3667,129.4833,17.22,64,89,7.26,Overcast Clouds,2021-11-11 06:10:16
173,Victoria,HK,22.2855,114.1577,25.54,41,36,0.89,Scattered Clouds,2021-11-11 06:09:39
174,Fairbanks,US,64.8378,-147.7164,-17.09,73,20,0.0,Few Clouds,2021-11-11 06:07:58
175,Rio Tercero,AR,-32.173,-64.1141,13.78,66,20,1.57,Few Clouds,2021-11-11 06:10:17
176,Henties Bay,NA,-22.116,14.2845,14.36,86,5,1.22,Clear Sky,2021-11-11 06:10:18
177,Leeton,AU,-34.5667,146.4,14.38,60,100,4.46,Light Rain,2021-11-11 06:10:19
178,Husavik,IS,66.0449,-17.3389,-2.89,86,100,1.71,Overcast Clouds,2021-11-11 06:10:20
179,Sao Gabriel Da Cachoeira,BR,-0.1303,-67.0892,22.82,99,100,0.24,Overcast Clouds,2021-11-11 06:10:20
180,Acapulco,MX,16.8634,-99.8901,24.25,86,5,2.56,Clear Sky,2021-11-11 06:06:35
181,Dzaoudzi,YT,-12.7887,45.2699,27.94,74,75,2.57,Broken Clouds,2021-11-11 06:10:21
182,Tombouctou,ML,20.0,-3.0,16.41,19,43,4.76,Scattered Clouds,2021-11-11 06:10:22
183,Virden,US,39.5009,-89.7679,13.74,78,100,7.38,Overcast Clouds,2021-11-11 06:10:22
184,Sambava,MG,-14.2667,50.1667,26.71,71,85,1.28,Light Rain,2021-11-11 06:10:22
185,Tay Ninh,VN,11.3,106.1,25.04,90,100,0.52,Overcast Clouds,2021-11-11 06:10:23
186,Kildinstroy,RU,68.8049,33.1,0.17,93,40,4.0,Scattered Clouds,2021-11-11 06:11:24
187,Safford,US,32.834,-109.7076,17.42,25,1,4.12,Clear Sky,2021-11-11 06:11:24
188,Barbacoas,CO,1.6715,-78.1398,22.71,98,98,0.36,Overcast Clouds,2021-11-11 06:11:25
189,Mayo,US,38.8876,-76.5119,13.09,92,1,1.54,Clear Sky,2021-11-11 06:08:39
190,Wasilla,US,61.5814,-149.4394,-5.4,69,90,1.34,Overcast Clouds,2021-11-11 06:11:26
191,Marawi,PH,7.9986,124.2928,25.36,84,99,2.25,Overcast Clouds,2021-11-11 06:11:26
192,Amboasary,MG,-25.0333,46.3833,28.17,56,32,2.51,Scattered Clouds,2021-11-11 06:11:27
193,Omsukchan,RU,62.5333,155.8,-9.2,88,100,3.09,Overcast Clouds,2021-11-11 06:11:28
194,Komsomolskiy,UZ,40.4272,71.7189,9.68,49,4,1.03,Haze,2021-11-11 06:11:28
195,Empangeni,ZA,-28.762,31.8933,22.9,72,8,4.91,Clear Sky,2021-11-11 06:11:29
196,Menongue,AO,-14.6585,17.691,20.99,60,63,1.45,Broken Clouds,2021-11-11 06:11:29
197,Filadelfia,US,39.9523,-75.1638,10.59,58,90,0.89,Overcast Clouds,2021-11-11 06:09:00
198,Nemuro,JP,43.3236,145.575,11.28,76,2,10.82,Clear Sky,2021-11-11 06:11:31
199,South Lake Tahoe,US,38.9332,-119.9844,7.46,91,1,2.06,Clear Sky,2021-11-11 06:06:53
200,Sakaiminato,JP,35.55,133.2333,12.85,55,95,9.21,Overcast Clouds,2021-11-11 06:11:31
201,Pevek,RU,69.7008,170.3133,-18.19,98,97,2.78,Overcast Clouds,2021-11-11 06:11:32
202,Kralendijk,BQ,12.15,-68.2667,25.99,83,85,3.6,Overcast Clouds,2021-11-11 06:11:33
203,Grindavik,IS,63.8424,-22.4338,0.26,80,75,4.63,Broken Clouds,2021-11-11 06:11:34
204,Port-Gentil,GA,-0.7193,8.7815,25.81,84,100,2.64,Moderate Rain,2021-11-11 06:08:34
205,Norsup,VU,-16.0667,167.3833,27.99,78,8,4.39,Clear Sky,2021-11-11 06:11:35
206,Severo-Kurilsk,RU,50.6789,156.125,5.67,94,100,15.27,Moderate Rain,2021-11-11 06:11:35
207,Wanning,CN,18.8003,110.3967,24.77,66,92,4.45,Overcast Clouds,2021-11-11 06:11:36
208,Bethel,US,41.3712,-73.414,9.16,70,41,1.85,Scattered Clouds,2021-11-11 06:11:36
209,Pacific Grove,US,36.6177,-121.9166,15.52,87,1,0.45,Clear Sky,2021-11-11 06:11:37
210,Ostrovnoy,RU,68.0531,39.5131,0.67,97,99,4.94,Light Snow,2021-11-11 06:11:38
211,Sal Rei,CV,16.1833,-22.9167,22.31,71,81,4.07,Broken Clouds,2021-11-11 06:11:39
212,Tambura,SS,5.6,27.4667,25.02,75,91,1.17,Overcast Clouds,2021-11-11 06:11:40
213,Sitio Novo Do Tocantins,BR,-5.5183,-47.4611,21.87,95,91,0.29,Overcast Clouds,2021-11-11 06:11:40
214,Esperance,AU,-33.8667,121.9,16.15,52,84,6.17,Broken Clouds,2021-11-11 06:11:41
215,Nichinan,JP,31.6,131.3667,14.31,60,29,6.65,Scattered Clouds,2021-11-11 06:11:41
216,Tevaitoa,PF,-16.7833,-151.5,26.33,76,24,7.89,Few Clouds,2021-11-11 06:11:42
217,Pacifica,US,37.6138,-122.4869,15.33,83,1,2.57,Mist,2021-11-11 06:07:25
218,Nome,US,64.5011,-165.4064,-13.96,62,1,4.12,Clear Sky,2021-11-11 06:11:43
219,Salisbury,GB,51.0693,-1.7957,12.01,100,90,1.03,Fog,2021-11-11 06:11:44
220,East London,ZA,-33.0153,27.9116,19.8,63,44,3.37,Scattered Clouds,2021-11-11 06:11:44
221,Shalinskoye,RU,55.7228,93.7594,1.83,74,100,8.19,Overcast Clouds,2021-11-11 06:11:45
222,Zabol,AF,32.25,67.25,10.69,37,0,2.17,Clear Sky,2021-11-11 06:11:45
223,Tocopilla,CL,-22.092,-70.1979,17.3,71,53,1.94,Broken Clouds,2021-11-11 06:01:53
224,Vysokogornyy,RU,50.1167,139.15,-1.22,90,88,1.16,Overcast Clouds,2021-11-11 06:11:46
225,Alice Springs,AU,-23.7,133.8833,23.75,41,0,7.72,Clear Sky,2021-11-11 06:11:47
226,Kukshi,IN,22.2,74.75,28.44,22,66,3.37,Broken Clouds,2021-11-11 06:11:47
227,Plouzane,FR,48.3833,-4.6167,6.18,96,0,2.57,Clear Sky,2021-11-11 06:11:48
228,Broken Hill,AU,-31.95,141.4333,14.75,61,96,10.93,Overcast Clouds,2021-11-11 06:11:48
229,Florianopolis,BR,-27.6146,-48.5012,19.13,85,75,0.45,Broken Clouds,2021-11-11 06:11:49
230,Singleton,AU,-32.5667,151.1833,18.75,94,100,3.58,Light Rain,2021-11-11 06:11:50
231,Tashla,RU,51.7716,52.7427,-3.16,55,1,5.42,Clear Sky,2021-11-11 06:12:51
232,Barrow,US,71.2906,-156.7887,-6.99,86,90,6.17,Light Snow,2021-11-11 06:12:52
233,Bandarbeyla,SO,9.4942,50.8122,27.94,63,88,5.38,Overcast Clouds,2021-11-11 06:12:52
234,Huilong,CN,31.8111,121.655,17.8,41,0,8.2,Clear Sky,2021-11-11 06:11:57
235,Bairiki,KI,1.3292,172.9752,28.0,74,20,3.09,Few Clouds,2021-11-11 06:12:54
236,Upernavik,GL,72.7868,-56.1549,-7.4,67,100,9.29,Light Snow,2021-11-11 06:10:01
237,Muravlenko,RU,63.7898,74.523,-14.8,93,56,3.52,Broken Clouds,2021-11-11 06:12:55
238,Codrington,AU,-38.2667,141.9667,13.93,63,72,7.81,Broken Clouds,2021-11-11 06:12:56
239,Kajaani,FI,64.2273,27.7285,3.03,87,90,7.2,Overcast Clouds,2021-11-11 06:12:57
240,Mariental,NA,-24.6333,17.9667,26.11,10,2,5.31,Clear Sky,2021-11-11 06:12:57
241,Goryachegorsk,RU,55.4053,88.9154,0.75,75,100,5.28,Overcast Clouds,2021-11-11 06:12:58
242,San Patricio,US,28.017,-97.5169,24.05,82,1,5.08,Clear Sky,2021-11-11 06:12:58
243,Khatanga,RU,71.9667,102.5,-30.77,100,100,1.88,Overcast Clouds,2021-11-11 06:12:59
244,Batagay-Alyta,RU,67.8006,130.4114,-21.6,90,100,2.66,Overcast Clouds,2021-11-11 06:12:24
245,Mtwara,TZ,-10.2667,40.1833,28.22,69,78,3.24,Broken Clouds,2021-11-11 06:13:00
246,Juneau,US,58.3019,-134.4197,3.45,95,75,3.6,Broken Clouds,2021-11-11 06:13:00
247,Oneonta,US,42.4529,-75.0638,4.7,75,100,0.94,Overcast Clouds,2021-11-11 06:13:01
248,Napier,NZ,-39.4833,176.9167,19.02,88,30,1.79,Scattered Clouds,2021-11-11 06:13:01
249,Hervey Bay,AU,-25.2986,152.8535,27.8,81,97,9.29,Overcast Clouds,2021-11-11 06:13:02
250,Marzuq,YE,14.4,46.4667,22.75,30,0,2.26,Clear Sky,2021-11-11 06:13:02
251,Dzerzhinskoye,RU,56.8344,95.2283,2.34,74,100,6.05,Overcast Clouds,2021-11-11 06:13:03
252,Verkhoyansk,RU,67.5447,133.385,-24.79,100,60,1.08,Broken Clouds,2021-11-11 06:13:04
253,Kanniyakumari,IN,8.0833,77.5667,28.3,72,99,7.24,Overcast Clouds,2021-11-11 06:13:04
254,Sao Miguel Do Araguaia,BR,-13.275,-50.1628,21.82,98,100,1.46,Overcast Clouds,2021-11-11 06:13:05
255,Yinchuan,CN,38.4681,106.2731,4.7,28,15,1.31,Few Clouds,2021-11-11 06:10:07
256,Linares,CL,-35.85,-71.6,10.8,67,87,1.64,Overcast Clouds,2021-11-11 06:13:06
257,Saiha,IN,22.4833,92.9667,29.6,45,99,1.73,Overcast Clouds,2021-11-11 06:13:06
258,Xining,CN,36.6167,101.7667,-2.21,58,65,1.01,Broken Clouds,2021-11-11 06:09:10
259,Saint-Joseph,RE,-21.3667,55.6167,27.2,69,15,0.74,Few Clouds,2021-11-11 06:13:07
260,Lata,PT,40.1629,-8.3327,7.81,67,100,1.19,Overcast Clouds,2021-11-11 06:13:08
261,Touros,BR,-5.1989,-35.4608,24.5,82,17,4.85,Few Clouds,2021-11-11 06:13:09
262,Urumqi,CN,43.801,87.6005,-0.47,44,0,2.0,Clear Sky,2021-11-11 06:13:09
263,Hasaki,JP,35.7333,140.8333,21.27,44,0,11.52,Clear Sky,2021-11-11 06:13:11
264,Calamar,CO,10.2511,-74.9146,25.97,93,71,1.45,Broken Clouds,2021-11-11 06:13:11
265,Chikwawa,MW,-16.0335,34.8009,28.45,67,49,2.09,Scattered Clouds,2021-11-11 06:13:12
266,Egvekinot,RU,66.3167,-179.1667,-18.21,96,74,2.41,Broken Clouds,2021-11-11 06:13:13
267,Tigil,RU,57.8,158.6667,-2.93,83,100,2.43,Overcast Clouds,2021-11-11 06:13:14
268,Waipawa,NZ,-41.4122,175.5153,15.81,71,54,1.59,Broken Clouds,2021-11-11 06:13:14
269,Vila Velha,BR,-20.3297,-40.2925,20.97,97,90,5.36,Mist,2021-11-11 06:13:15
270,Makarska,HR,43.2969,17.0178,13.08,74,10,1.9,Clear Sky,2021-11-11 06:13:15
271,Alyangula,AU,-13.8483,136.4192,32.13,57,100,2.99,Overcast Clouds,2021-11-11 06:13:16
272,Novyye Burasy,RU,52.1324,46.0714,-0.65,58,9,3.94,Clear Sky,2021-11-11 06:13:16
273,Dunedin,NZ,-45.8742,170.5036,15.45,72,74,6.16,Broken Clouds,2021-11-11 06:13:17
274,Vila,PT,42.0304,-8.1588,7.74,79,9,1.12,Clear Sky,2021-11-11 06:13:17
275,Lebu,CL,-37.6167,-73.65,10.87,91,93,2.67,Overcast Clouds,2021-11-11 06:13:18
276,Bambous Virieux,MU,-20.3428,57.7575,26.79,67,4,4.25,Clear Sky,2021-11-11 06:13:19
277,Termiz,UZ,37.2242,67.2783,12.05,71,0,1.03,Clear Sky,2021-11-11 06:13:19
278,Ola,RU,59.5833,151.2833,1.19,78,100,6.26,Overcast Clouds,2021-11-11 06:14:21
279,Mayumba,GA,-3.432,10.6554,25.46,86,100,1.49,Light Rain,2021-11-11 06:14:21
280,Ambon,ID,-3.6954,128.1814,29.67,71,100,0.61,Light Rain,2021-11-11 06:14:22
281,Arlit,NE,18.7369,7.3853,23.57,14,31,3.85,Scattered Clouds,2021-11-11 06:14:23
282,Bjornevatn,NO,69.6672,29.9847,0.79,86,75,4.12,Broken Clouds,2021-11-11 06:14:24
283,Sur,OM,22.5667,59.5289,27.59,44,1,3.24,Clear Sky,2021-11-11 06:14:24
284,Mitsamiouli,KM,-11.3847,43.2844,27.7,72,53,4.03,Broken Clouds,2021-11-11 06:14:25
285,Tilichiki,RU,60.4667,166.1,-11.79,96,78,2.21,Broken Clouds,2021-11-11 06:14:25
286,Kahului,US,20.8947,-156.47,26.02,77,40,3.6,Scattered Clouds,2021-11-11 06:14:26
287,Ucluelet,CA,48.9329,-125.5528,8.38,81,100,0.89,Overcast Clouds,2021-11-11 06:13:10
288,Hvide Sande,DK,56.0045,8.1294,10.16,77,100,8.28,Overcast Clouds,2021-11-11 06:14:27
289,Yumen,CN,40.2833,97.2,4.21,20,0,2.55,Clear Sky,2021-11-11 06:14:27
290,Dali,CN,25.7,100.1833,18.33,35,7,3.5,Clear Sky,2021-11-11 06:14:28
291,Hami,CN,42.8,93.45,2.31,35,0,2.03,Clear Sky,2021-11-11 06:14:29
292,Palmer,US,42.1584,-72.3287,6.23,76,75,0.5,Broken Clouds,2021-11-11 06:12:08
293,Tsabong,BW,-26.0217,22.401,25.59,11,0,4.84,Clear Sky,2021-11-11 06:14:30
294,Talnakh,RU,69.4865,88.3972,-20.5,100,94,0.99,Overcast Clouds,2021-11-11 06:14:30
295,Tarakan,ID,3.3,117.6333,29.72,74,75,2.06,Broken Clouds,2021-11-11 06:14:31
296,Namatanai,PG,-3.6667,152.4333,28.91,70,93,3.74,Light Rain,2021-11-11 06:14:31
297,Fortuna,US,40.5982,-124.1573,14.95,89,100,1.79,Overcast Clouds,2021-11-11 06:14:32
298,Tricase,IT,39.9304,18.3553,16.02,72,13,2.49,Few Clouds,2021-11-11 06:14:33
299,San Cristobal,VE,7.7669,-72.225,18.53,96,72,0.61,Broken Clouds,2021-11-11 06:12:22
300,Anloga,GH,5.7947,0.8973,26.85,82,76,3.86,Broken Clouds,2021-11-11 06:14:34
301,Beloha,MG,-25.1667,45.05,28.32,49,29,2.71,Scattered Clouds,2021-11-11 06:14:34
302,Caxito,AO,-8.5785,13.6643,25.36,87,98,0.58,Light Rain,2021-11-11 06:14:35
303,Pisco,PE,-13.7,-76.2167,16.03,88,40,1.03,Scattered Clouds,2021-11-11 06:14:35
304,Meulaboh,ID,4.1363,96.1285,25.87,85,100,1.09,Overcast Clouds,2021-11-11 06:14:36
305,Souillac,MU,-20.5167,57.5167,27.21,61,40,5.66,Scattered Clouds,2021-11-11 06:14:37
306,Salalah,OM,17.0151,54.0924,32.05,20,0,6.17,Clear Sky,2021-11-11 06:14:37
307,Coquimbo,CL,-29.9533,-71.3436,13.85,88,90,2.57,Overcast Clouds,2021-11-11 06:14:38
308,Tocache,PE,-8.1842,-76.5125,21.53,92,100,0.14,Moderate Rain,2021-11-11 06:14:38
309,Cidreira,BR,-30.1811,-50.2056,18.19,61,88,5.01,Overcast Clouds,2021-11-11 06:14:41
310,Olafsvik,IS,64.8945,-23.7142,0.87,73,15,4.86,Few Clouds,2021-11-11 06:14:41
311,Bengkulu,ID,-3.8004,102.2655,29.26,62,100,4.74,Overcast Clouds,2021-11-11 06:14:42
312,Itambe,BR,-15.245,-40.6244,20.4,98,100,0.83,Overcast Clouds,2021-11-11 06:09:48
313,Roald,NO,62.5833,6.1333,8.52,71,75,14.4,Broken Clouds,2021-11-11 06:14:43
314,Ankara,TR,39.9199,32.8543,2.89,69,6,0.89,Clear Sky,2021-11-11 06:08:33
315,Honiara,SB,-9.4333,159.95,29.45,73,79,2.14,Broken Clouds,2021-11-11 06:14:44
316,Zwettl,AT,48.6,15.1667,3.52,95,41,1.7,Scattered Clouds,2021-11-11 06:14:44
317,Kavieng,PG,-2.5744,150.7967,29.13,71,86,4.1,Light Rain,2021-11-11 06:14:45
318,Havoysund,NO,70.9963,24.6622,3.49,78,100,5.3,Overcast Clouds,2021-11-11 06:14:46
319,Shelburne,CA,44.0787,-80.2041,4.94,81,100,2.64,Overcast Clouds,2021-11-11 06:14:47
320,Quatre Cocos,MU,-20.2078,57.7625,27.06,66,5,4.1,Clear Sky,2021-11-11 06:14:47
321,Garissa,KE,-0.4536,39.6401,28.55,60,40,4.46,Scattered Clouds,2021-11-11 06:14:48
322,Muros,ES,42.7762,-9.0603,13.8,66,1,2.03,Clear Sky,2021-11-11 06:15:49
323,Yankton,US,42.8711,-97.3973,4.51,70,1,6.69,Clear Sky,2021-11-11 06:15:49
324,Narsaq,GL,60.9167,-46.05,-9.88,60,87,2.72,Overcast Clouds,2021-11-11 06:15:50
325,Mount Gambier,AU,-37.8333,140.7667,14.84,55,94,6.76,Overcast Clouds,2021-11-11 06:15:50
326,Manaure,CO,11.7751,-72.4445,25.25,79,39,3.01,Scattered Clouds,2021-11-11 06:15:51
327,Marienburg,PL,54.0359,19.0266,7.29,72,98,3.19,Overcast Clouds,2021-11-11 06:15:52
328,Ikwiriri,TZ,-7.9562,38.9716,30.89,54,93,0.9,Overcast Clouds,2021-11-11 06:15:52
329,Tall Kayf,TR,37.0833,41.0667,15.19,37,100,4.01,Overcast Clouds,2021-11-11 06:15:53
330,Aksarka,RU,66.5606,67.7975,-14.66,92,73,4.34,Broken Clouds,2021-11-11 06:15:53
331,Camacha,PT,33.0833,-16.3333,18.07,82,75,4.12,Broken Clouds,2021-11-11 06:15:54
332,Koygorodok,RU,60.445,50.9968,-2.9,93,100,5.23,Light Snow,2021-11-11 06:15:54
333,Manbij,SY,36.5281,37.9549,12.43,36,0,8.07,Clear Sky,2021-11-11 06:15:55
334,Kavaratti,IN,10.5669,72.642,27.77,74,95,4.55,Overcast Clouds,2021-11-11 06:15:55
335,Wembley,AU,-31.9333,115.8,26.13,43,0,7.72,Clear Sky,2021-11-11 06:15:56
336,Liku,ID,-0.7275,119.8922,28.11,83,100,1.68,Overcast Clouds,2021-11-11 06:15:57
337,Mitu,CO,1.1983,-70.1733,21.72,98,96,0.46,Overcast Clouds,2021-11-11 06:15:57
338,Sabzevar,IR,36.2126,57.6819,9.6,32,0,5.14,Clear Sky,2021-11-11 06:15:58
339,Ishigaki,JP,24.3448,124.1572,22.07,60,20,4.12,Few Clouds,2021-11-11 06:15:58
340,Puerto Escondido,MX,15.85,-97.0667,23.86,80,28,2.22,Scattered Clouds,2021-11-11 06:15:59
341,Riwaka,NZ,-41.0833,173.0,18.89,93,88,2.04,Overcast Clouds,2021-11-11 06:15:59
342,Iranshahr,IR,27.2025,60.6848,25.19,20,0,2.06,Clear Sky,2021-11-11 06:16:00
343,Lisakovsk,KZ,52.5369,62.4936,-2.64,71,100,7.05,Light Snow,2021-11-11 06:16:00
344,Antalaha,MG,-14.9003,50.2788,27.67,65,79,1.79,Broken Clouds,2021-11-11 06:16:01
345,Mendoza,AR,-32.8908,-68.8272,18.8,70,45,0.87,Scattered Clouds,2021-11-11 06:11:22
346,Taoudenni,ML,22.6783,-3.9836,18.39,18,96,4.26,Overcast Clouds,2021-11-11 06:16:02
347,Kunya,NG,12.2233,8.5325,19.09,59,1,0.0,Clear Sky,2021-11-11 06:16:03
348,Alihe,CN,50.5667,123.7167,-0.22,37,6,6.4,Clear Sky,2021-11-11 06:16:04
349,Plettenberg Bay,ZA,-34.0527,23.3716,19.01,60,71,1.3,Broken Clouds,2021-11-11 06:16:04
350,Tomatlan,MX,19.9333,-105.25,21.49,92,4,1.28,Clear Sky,2021-11-11 06:16:05
351,Poronaysk,RU,49.2167,143.1167,7.17,91,100,4.96,Moderate Rain,2021-11-11 06:16:05
352,Thunder Bay,CA,48.4001,-89.3168,6.99,66,90,9.77,Overcast Clouds,2021-11-11 06:16:03
353,Barao De Melgaco,BR,-16.1944,-55.9675,26.29,92,100,2.19,Light Rain,2021-11-11 06:16:06
354,Carutapera,BR,-1.195,-46.02,24.44,89,48,2.05,Scattered Clouds,2021-11-11 06:16:06
355,Swan Hill,AU,-35.3378,143.5544,20.92,23,100,4.17,Light Rain,2021-11-11 06:16:07
356,Shikohabad,IN,27.1,78.6,26.71,27,17,1.16,Few Clouds,2021-11-11 06:16:08
357,San Felipe,VE,10.3399,-68.7425,21.27,96,99,0.88,Overcast Clouds,2021-11-11 06:16:08
358,Cherskiy,RU,68.75,161.3,-22.65,98,91,2.41,Overcast Clouds,2021-11-11 06:16:09
359,Karratha,AU,-20.7377,116.8463,31.83,27,1,6.19,Clear Sky,2021-11-11 06:16:09
360,Poum,NC,-20.2333,164.0167,25.79,82,17,6.06,Few Clouds,2021-11-11 06:16:10
361,Kudat,MY,6.8837,116.8477,29.96,79,40,0.51,Scattered Clouds,2021-11-11 06:16:10
362,Villa Rica,US,33.7321,-84.9191,13.78,99,86,2.19,Overcast Clouds,2021-11-11 06:16:11
363,Barra Patuca,HN,15.8,-84.2833,23.82,88,87,2.61,Overcast Clouds,2021-11-11 06:16:11
364,Tasiilaq,GL,65.6145,-37.6368,0.09,96,100,5.0,Snow,2021-11-11 06:16:12
365,Chardara,KZ,41.2547,67.9692,13.65,33,8,2.71,Clear Sky,2021-11-11 06:16:13
366,Mnogovershinnyy,RU,53.9353,139.9242,-1.5,83,41,2.92,Scattered Clouds,2021-11-11 06:16:13
367,Aykhal,RU,66.0,111.5,-13.45,97,99,2.23,Overcast Clouds,2021-11-11 06:16:14
368,Ossora,RU,59.2353,163.0719,-8.62,88,100,2.0,Overcast Clouds,2021-11-11 06:16:14
369,Saint-Pierre,RE,-21.3393,55.4781,27.8,67,20,3.6,Few Clouds,2021-11-11 06:17:15
370,Oussouye,SN,12.485,-16.5469,25.05,50,99,2.79,Overcast Clouds,2021-11-11 06:17:16
371,Xingcheng,CN,40.6167,120.7167,5.95,49,1,7.44,Clear Sky,2021-11-11 06:17:16
372,Sisimiut,GL,66.9395,-53.6735,-10.06,79,68,4.98,Broken Clouds,2021-11-11 06:17:17
373,Chalons-En-Champagne,FR,48.9539,4.3672,0.57,86,40,0.28,Scattered Clouds,2021-11-11 06:17:18
374,Nevsehir,TR,38.9167,34.6667,0.56,69,20,5.66,Few Clouds,2021-11-11 06:14:59
375,Gigmoto,PH,13.7796,124.39,28.02,82,100,3.92,Heavy Intensity Rain,2021-11-11 06:17:19
376,Misratah,LY,32.3754,15.0925,21.34,78,17,8.31,Few Clouds,2021-11-11 06:17:20
377,Petrov Val,RU,50.1434,45.2096,-2.91,56,5,3.13,Clear Sky,2021-11-11 06:17:21
378,Porto Novo,BJ,6.4965,2.6036,25.9,91,25,1.86,Scattered Clouds,2021-11-11 06:17:21
379,Amapa,BR,1.0,-52.0,20.62,99,99,0.55,Overcast Clouds,2021-11-11 06:17:22
380,Margate,GB,51.3813,1.3862,11.6,94,99,1.92,Overcast Clouds,2021-11-11 06:17:22
381,Yerbogachen,RU,61.2767,108.0108,-1.81,97,100,3.35,Light Snow,2021-11-11 06:17:23
382,Pochutla,MX,15.7432,-96.4661,21.57,81,42,1.58,Scattered Clouds,2021-11-11 06:17:24
383,Iralaya,HN,15.0,-83.2333,24.49,83,99,1.24,Overcast Clouds,2021-11-11 06:17:25
384,Maraba,BR,-5.3686,-49.1178,24.1,100,40,0.51,Scattered Clouds,2021-11-11 06:17:26
385,Longyan,CN,25.1072,117.0225,21.86,30,0,0.71,Clear Sky,2021-11-11 06:17:27
386,Jalu,LY,29.0331,21.5482,19.4,42,94,4.13,Overcast Clouds,2021-11-11 06:17:27
387,Camacupa,AO,-12.0167,17.4833,18.42,81,98,1.66,Overcast Clouds,2021-11-11 06:17:28
388,Gravdal,NO,68.1214,13.5031,5.82,87,20,2.57,Few Clouds,2021-11-11 06:17:29
389,Srandakan,ID,-7.9386,110.2506,27.57,75,100,2.8,Moderate Rain,2021-11-11 06:17:29
390,Tutoia,BR,-2.7619,-42.2744,25.86,83,74,4.66,Broken Clouds,2021-11-11 06:17:30
391,Oistins,BB,13.0667,-59.5333,26.05,78,20,6.17,Few Clouds,2021-11-11 06:14:22
392,Orapa,BW,-21.2833,25.3667,25.01,53,48,4.33,Scattered Clouds,2021-11-11 06:17:32
393,Norfolk,US,42.1668,-71.2495,8.04,75,61,1.71,Broken Clouds,2021-11-11 06:17:33
394,Belmonte,BR,-15.8631,-38.8828,25.28,86,81,2.59,Broken Clouds,2021-11-11 06:17:35
395,Koulikoro,ML,14.0,-7.75,23.21,21,65,3.26,Broken Clouds,2021-11-11 06:17:35
396,Guwahati,IN,26.1862,91.751,30.4,51,20,2.57,Haze,2021-11-11 06:17:36
397,Winnemucca,US,40.973,-117.7357,9.5,66,90,5.14,Overcast Clouds,2021-11-11 06:17:36
398,Talara,PE,-4.5772,-81.2719,17.88,85,100,6.13,Overcast Clouds,2021-11-11 06:17:37
399,Gizo,SB,-8.103,156.8419,29.87,68,88,2.27,Light Rain,2021-11-11 06:17:37
400,Kangaatsiaq,GL,68.3065,-53.4641,-10.06,92,98,4.46,Overcast Clouds,2021-11-11 06:17:38
401,Bubaque,GW,11.2833,-15.8333,27.61,65,100,4.7,Overcast Clouds,2021-11-11 06:17:39
402,Rodrigues Alves,BR,-7.738,-72.6509,22.28,98,97,0.86,Overcast Clouds,2021-11-11 06:17:39
403,Conde,BR,-7.2597,-34.9075,23.7,100,40,1.03,Scattered Clouds,2021-11-11 06:17:40
404,Ilmajoki,FI,62.7333,22.5667,4.56,64,0,4.12,Clear Sky,2021-11-11 06:17:41
405,Tingo Maria,PE,-9.2895,-76.0088,20.58,99,91,0.59,Overcast Clouds,2021-11-11 06:17:41
406,Ballina,AU,-28.8667,153.5667,26.1,97,98,4.12,Light Rain,2021-11-11 06:17:42
407,Teacapan,MX,22.55,-105.75,23.01,84,0,1.98,Clear Sky,2021-11-11 06:17:43
408,Namibe,AO,-15.1961,12.1522,21.37,73,19,1.72,Few Clouds,2021-11-11 06:17:44
409,Santiago Del Estero,AR,-27.7951,-64.2615,20.44,61,15,1.67,Few Clouds,2021-11-11 06:16:39
410,Davila,PH,18.4726,120.5763,28.67,76,71,10.86,Broken Clouds,2021-11-11 06:17:45
411,Moose Factory,CA,51.2585,-80.6094,-1.01,80,90,1.54,Overcast Clouds,2021-11-11 06:17:45
412,Norton,ZW,-17.8833,30.7,22.38,56,88,2.88,Overcast Clouds,2021-11-11 06:17:46
413,Valparaiso,CL,-33.0393,-71.6273,11.51,93,0,2.06,Clear Sky,2021-11-11 06:15:36
414,Longyearbyen,SJ,78.2186,15.6401,-11.09,52,20,7.72,Few Clouds,2021-11-11 06:17:47
415,Maarianhamina,AX,60.0973,19.9348,0.92,100,0,1.54,Clear Sky,2021-11-11 06:18:48
416,Nador,MA,35.174,-2.9287,11.14,76,0,1.54,Clear Sky,2021-11-11 06:18:20
417,Chara,RU,56.9064,118.2631,-9.85,84,63,0.43,Broken Clouds,2021-11-11 06:18:48
418,Saint-Leu,RE,-21.15,55.2833,27.46,77,6,0.83,Clear Sky,2021-11-11 06:18:49
419,Kurilsk,RU,45.2333,147.8833,10.64,83,5,7.24,Clear Sky,2021-11-11 06:18:49
420,Klaksvik,FO,62.2266,-6.589,4.51,72,88,10.82,Overcast Clouds,2021-11-11 06:18:50
421,Cairns,AU,-16.9167,145.7667,37.19,70,52,4.63,Broken Clouds,2021-11-11 06:18:51
422,Yar-Sale,RU,66.8333,70.8333,-15.07,91,26,4.21,Scattered Clouds,2021-11-11 06:18:51
423,Ust-Nera,RU,64.5667,143.2,-15.97,98,100,2.53,Light Snow,2021-11-11 06:18:52
424,Soyo,AO,-6.1349,12.3689,25.3,79,100,1.91,Overcast Clouds,2021-11-11 06:18:53
425,Dorokhovo,RU,55.5506,36.3744,0.85,61,99,5.65,Snow,2021-11-11 06:18:53
426,Aginskoye,RU,51.1,114.53,0.86,49,16,6.28,Few Clouds,2021-11-11 06:18:54
427,Sorland,NO,67.667,12.6934,4.04,74,98,7.86,Light Rain,2021-11-11 06:18:55
428,Roma,US,43.2128,-75.4557,5.8,91,1,1.54,Clear Sky,2021-11-11 06:18:56
429,Deputatskiy,RU,69.3,139.9,-19.21,99,92,1.93,Overcast Clouds,2021-11-11 06:18:56
430,Murgab,TM,37.4966,61.9714,9.93,53,0,6.17,Clear Sky,2021-11-11 06:18:57
431,Mana,GF,5.6592,-53.7767,24.77,88,61,3.16,Broken Clouds,2021-11-11 06:18:58
432,Kudahuvadhoo,MV,2.6708,72.8944,27.93,80,37,9.04,Scattered Clouds,2021-11-11 06:18:58
433,Gidole,ET,5.65,37.3667,18.24,54,48,1.99,Scattered Clouds,2021-11-11 06:18:59
434,Vanavara,RU,60.34,102.2797,-1.17,96,100,3.46,Snow,2021-11-11 06:19:00
435,Korla,CN,41.7597,86.1469,2.9,23,56,2.75,Broken Clouds,2021-11-11 06:19:00
436,Boundiali,CI,9.5217,-6.4869,21.93,91,86,1.63,Overcast Clouds,2021-11-11 06:16:08
437,Zhongxing,CN,33.7039,118.6792,16.14,30,0,5.51,Clear Sky,2021-11-11 06:19:01
438,Portland,US,45.5234,-122.6762,10.97,92,90,0.45,Light Rain,2021-11-11 06:18:01
439,Villafranca De Los Barros,ES,38.5614,-6.3381,10.14,72,54,0.11,Broken Clouds,2021-11-11 06:19:02
440,Khandwa,IN,21.8333,76.3333,26.82,25,76,4.8,Broken Clouds,2021-11-11 06:19:02
441,Sheridan,US,44.8333,-106.9173,2.79,46,90,0.45,Overcast Clouds,2021-11-11 06:19:03
442,Viljoenskroon,ZA,-27.2084,26.9485,23.52,41,0,3.9,Clear Sky,2021-11-11 06:19:04
443,Belize,BZ,17.25,-88.75,22.36,84,16,1.06,Few Clouds,2021-11-11 06:19:04
444,Noumea,NC,-22.2763,166.4572,28.89,99,60,1.65,Broken Clouds,2021-11-11 06:14:17
445,Haines Junction,CA,60.7522,-137.5108,-13.03,92,96,1.54,Overcast Clouds,2021-11-11 06:19:05
446,Kerema,PG,-7.9631,145.7785,29.95,73,97,3.37,Overcast Clouds,2021-11-11 06:19:06
447,Iberia,US,29.9502,-91.7507,18.87,87,65,3.66,Broken Clouds,2021-11-11 06:19:07
448,Beisfjord,NO,68.3751,17.5988,6.03,99,99,2.63,Light Rain,2021-11-11 06:19:07
449,Rundu,NA,-17.9333,19.7667,25.61,47,52,2.77,Broken Clouds,2021-11-11 06:19:08
450,Fort Nelson,CA,58.8053,-122.7002,-11.23,92,75,0.0,Broken Clouds,2021-11-11 06:19:08
451,Avera,US,33.194,-82.5271,12.93,65,58,2.42,Broken Clouds,2021-11-11 06:19:09
452,Matagami,CA,49.7502,-77.6328,-5.94,100,1,0.0,Clear Sky,2021-11-11 06:19:09
453,Leningradskiy,RU,69.3833,178.4167,-14.28,97,100,1.26,Overcast Clouds,2021-11-11 06:19:10
454,Xuddur,SO,4.1213,43.8894,27.19,57,69,5.67,Broken Clouds,2021-11-11 06:19:11
455,Mangan,IN,27.5167,88.5333,23.44,45,8,2.92,Clear Sky,2021-11-11 06:19:11
456,Supe,PE,-10.8,-77.7333,17.02,85,37,2.65,Scattered Clouds,2021-11-11 06:19:12
457,Khargone,IN,21.8167,75.6,27.49,24,69,4.52,Broken Clouds,2021-11-11 06:19:12
458,Anadyr,RU,64.75,177.4833,-12.72,78,0,4.0,Clear Sky,2021-11-11 06:19:13
459,Lac Du Bonnet,CA,50.2536,-96.0612,1.58,98,100,5.59,Light Rain,2021-11-11 06:19:14
460,Taltal,CL,-25.4,-70.4833,15.27,82,7,0.34,Clear Sky,2021-11-11 06:10:30
461,Karlskrona,SE,56.1616,15.5866,8.25,95,100,3.13,Light Rain,2021-11-11 06:15:11
462,Yayva,RU,59.3303,57.2641,-5.46,83,95,5.13,Overcast Clouds,2021-11-11 06:19:15
463,Tazovskiy,RU,67.4667,78.7,-16.95,99,98,2.9,Overcast Clouds,2021-11-11 06:20:15
464,Kikwit,CD,-5.041,18.8162,22.5,94,100,0.42,Overcast Clouds,2021-11-11 06:20:16
465,Mbandaka,CD,0.0487,18.2603,22.74,93,100,0.93,Overcast Clouds,2021-11-11 06:20:17
466,Banjar,ID,-8.19,114.9675,28.92,83,99,1.78,Light Rain,2021-11-11 06:20:17
467,Necochea,AR,-38.5473,-58.7368,13.25,80,97,5.58,Overcast Clouds,2021-11-11 06:20:18
468,Rio Grande,BR,-32.035,-52.0986,17.01,67,40,6.96,Scattered Clouds,2021-11-11 06:20:19
469,Luangwa,ZM,-15.6167,30.4167,28.59,61,41,5.03,Scattered Clouds,2021-11-11 06:20:19
470,Qujing,CN,25.4833,103.7833,15.4,71,93,6.37,Overcast Clouds,2021-11-11 06:20:20
471,Umm Kaddadah,SD,13.6017,26.6876,27.82,15,0,5.36,Clear Sky,2021-11-11 06:20:21
472,Tairua,NZ,-37.0167,175.85,19.49,65,55,3.88,Broken Clouds,2021-11-11 06:20:21
473,La Ligua,CL,-32.4524,-71.2311,7.88,90,76,0.4,Broken Clouds,2021-11-11 06:20:22
474,Zhigansk,RU,66.7697,123.3711,-20.92,99,97,2.45,Overcast Clouds,2021-11-11 06:20:23
475,Waingapu,ID,-9.6567,120.2641,29.43,71,100,1.83,Overcast Clouds,2021-11-11 06:20:23
476,Sorong,ID,-0.8833,131.25,28.0,82,98,2.93,Moderate Rain,2021-11-11 06:20:24
477,Shitanjing,CN,39.2342,106.3439,1.67,25,1,6.38,Clear Sky,2021-11-11 06:20:24
478,Ketchikan,US,55.3422,-131.6461,5.26,81,90,1.54,Overcast Clouds,2021-11-11 06:20:25
479,Tacoronte,ES,28.4769,-16.4102,17.67,74,20,1.34,Few Clouds,2021-11-11 06:20:26
480,La Palma,US,33.8464,-118.0467,25.02,79,1,0.0,Haze,2021-11-11 06:20:26
481,Xianyang,CN,34.3378,108.7026,14.58,19,0,3.0,Clear Sky,2021-11-11 06:20:27
482,Rawson,AR,-43.3002,-65.1023,14.63,38,96,3.06,Overcast Clouds,2021-11-11 06:20:27
483,Santa Rosa,PH,14.3122,121.1114,33.94,60,85,6.26,Overcast Clouds,2021-11-11 06:17:25
484,Kozmodemyansk,RU,56.3367,46.5711,-3.54,53,87,7.5,Snow,2021-11-11 06:20:29
485,Vestmanna,FO,62.1564,-7.1664,3.51,81,75,4.12,Broken Clouds,2021-11-11 06:20:29
486,Khipro,PK,25.8285,69.3772,31.07,15,34,1.09,Scattered Clouds,2021-11-11 06:20:30
487,Shakawe,BW,-18.3667,21.85,25.34,52,81,4.01,Broken Clouds,2021-11-11 06:20:30
488,Batemans Bay,AU,-35.7167,150.1833,21.22,61,93,3.87,Overcast Clouds,2021-11-11 06:20:31
489,Port Macquarie,AU,-31.4333,152.9167,21.05,100,90,3.09,Moderate Rain,2021-11-11 06:20:31
490,Flinders,AU,-34.5833,150.8552,16.14,72,100,2.8,Overcast Clouds,2021-11-11 06:20:33
491,Billings,US,45.7833,-108.5007,3.49,41,1,9.26,Clear Sky,2021-11-11 06:20:08
492,Bagdarin,RU,54.4333,113.6,-2.99,57,94,0.96,Overcast Clouds,2021-11-11 06:20:34
493,Khryashchevka,RU,53.8119,49.0916,-4.01,53,2,5.18,Clear Sky,2021-11-11 06:20:34
494,Bireun,ID,5.203,96.7009,27.48,78,100,2.17,Light Rain,2021-11-11 06:20:35
495,Asau,RO,46.4333,26.4,4.97,56,6,2.17,Light Rain,2021-11-11 06:20:35
496,Tiksi,RU,71.6872,128.8694,-20.28,95,97,2.59,Overcast Clouds,2021-11-11 06:20:36
497,Coahuayana,MX,18.7333,-103.6833,25.01,83,64,0.94,Broken Clouds,2021-11-11 06:20:37
498,Itanhandu,BR,-22.2958,-44.9347,18.39,97,100,1.47,Moderate Rain,2021-11-11 06:20:37
499,Petropavlovsk-Kamchatskiy,RU,53.0452,158.6483,2.33,93,90,6.0,Overcast Clouds,2021-11-11 06:20:14
500,Sitka,US,57.0531,-135.33,3.94,81,40,0.0,Scattered Clouds,2021-11-11 06:20:38
501,Port Hedland,AU,-20.3167,118.5667,36.03,13,5,4.63,Clear Sky,2021-11-11 06:20:39
502,Boende,CD,-0.2167,20.8667,22.28,96,100,0.91,Overcast Clouds,2021-11-11 06:20:40
503,Gao,ML,16.6362,1.637,23.31,17,55,3.25,Broken Clouds,2021-11-11 06:20:40
504,Floresta,BR,-8.6011,-38.5686,24.46,66,51,5.5,Broken Clouds,2021-11-11 06:20:42
505,Roebourne,AU,-20.7833,117.1333,32.05,26,1,4.88,Clear Sky,2021-11-11 06:20:42
506,Tyumen,RU,57.1522,65.5272,-7.95,86,40,4.0,Scattered Clouds,2021-11-11 06:18:20
507,Yerofey Pavlovich,RU,53.9667,121.9667,-1.78,39,0,3.49,Clear Sky,2021-11-11 06:20:43
508,Chortomlyk,UA,47.6232,34.142,1.42,56,4,3.03,Clear Sky,2021-11-11 06:20:44
509,Iida,JP,35.5197,137.8207,12.8,52,53,1.79,Broken Clouds,2021-11-11 06:20:45
510,Narrabri,AU,-30.3167,149.7833,23.07,83,90,3.6,Light Rain,2021-11-11 06:21:45
511,Laem Sing,TH,12.4816,102.0738,31.96,83,99,3.69,Overcast Clouds,2021-11-11 06:21:46
512,Te Anau,NZ,-45.4167,167.7167,16.96,75,100,0.36,Overcast Clouds,2021-11-11 06:21:47
513,Dubbo,AU,-32.25,148.6167,21.07,94,90,8.75,Overcast Clouds,2021-11-11 06:21:47
514,Kutum,SD,14.2,24.6667,23.41,19,4,1.62,Clear Sky,2021-11-11 06:21:48
515,Boa Esperanca Do Sul,BR,-21.9925,-48.3908,17.91,90,95,3.39,Overcast Clouds,2021-11-11 06:21:49
516,Andros Town,BS,24.7,-77.7667,23.98,76,84,7.58,Broken Clouds,2021-11-11 06:21:49
517,Chunskiy,RU,56.0815,99.6342,2.73,77,100,6.35,Overcast Clouds,2021-11-11 06:21:51
518,Mehamn,NO,71.0357,27.8492,3.95,93,75,7.2,Broken Clouds,2021-11-11 06:21:51
519,Veliki Preslav,BG,43.1667,26.8167,3.44,83,1,1.31,Clear Sky,2021-11-11 06:21:52
520,Dingle,PH,10.9995,122.6711,28.84,80,98,4.97,Overcast Clouds,2021-11-11 06:21:52
521,North Bend,US,43.4065,-124.2243,14.95,95,90,6.69,Overcast Clouds,2021-11-11 06:18:48
522,Lucapa,AO,-8.4192,20.7447,21.18,85,100,1.61,Overcast Clouds,2021-11-11 06:21:53
523,Araouane,ML,18.9048,-3.5265,17.44,16,82,4.8,Broken Clouds,2021-11-11 06:21:54
524,Aguimes,ES,27.9054,-15.4461,18.35,73,20,4.63,Few Clouds,2021-11-11 06:21:55
525,Tambun,ID,-6.2641,107.0712,32.8,62,40,4.63,Heavy Intensity Rain,2021-11-11 06:21:55
526,Kasongo-Lunda,CD,-6.4667,16.8167,23.21,88,100,0.36,Overcast Clouds,2021-11-11 06:21:56
527,Ati,TD,13.2154,18.3353,27.46,17,0,2.86,Clear Sky,2021-11-11 06:21:56
528,Solenzo,BF,12.1833,-4.0833,26.64,59,85,1.49,Overcast Clouds,2021-11-11 06:21:57
529,Kembe,CF,4.6228,21.8865,21.62,92,100,0.8,Light Rain,2021-11-11 06:21:57
530,Clyde River,CA,70.4692,-68.5914,-16.82,93,56,3.04,Broken Clouds,2021-11-11 06:21:58
531,Ixtapa,MX,20.7,-105.2,21.54,89,2,1.27,Clear Sky,2021-11-11 06:17:49
532,Nalut,LY,30.3333,10.85,12.42,45,0,2.18,Clear Sky,2021-11-11 06:21:59
533,Vao,NC,-22.6667,167.4833,23.96,82,26,5.17,Scattered Clouds,2021-11-11 06:22:00
534,Tapes,BR,-30.6733,-51.3958,17.52,63,84,5.05,Broken Clouds,2021-11-11 06:22:01
535,Cosamaloapan,MX,18.3667,-95.8,18.76,86,4,2.39,Clear Sky,2021-11-11 06:22:01
536,Angermunde,DE,53.015,13.9992,6.36,86,86,2.33,Overcast Clouds,2021-11-11 06:22:02
537,Dicabisagan,PH,17.0818,122.4157,27.74,77,93,2.0,Light Rain,2021-11-11 06:22:02
538,San Carlos De Bariloche,AR,-41.1456,-71.3082,3.86,81,0,1.54,Clear Sky,2021-11-11 06:19:06
539,Abadan,IR,30.3392,48.3043,24.97,47,0,4.12,Clear Sky,2021-11-11 06:22:04
540,Floro,NO,61.5996,5.0328,8.98,66,40,12.86,Scattered Clouds,2021-11-11 06:22:04
541,Bonfim,BR,3.0833,-59.95,25.33,67,31,3.26,Scattered Clouds,2021-11-11 06:22:05
542,Port Hope,US,43.9408,-82.7127,7.64,62,100,7.33,Overcast Clouds,2021-11-11 06:22:05
543,Coruripe,BR,-10.1256,-36.1756,24.9,85,12,4.55,Few Clouds,2021-11-11 06:22:06
544,Lodja,CD,-3.4833,23.4333,23.29,87,100,1.34,Overcast Clouds,2021-11-11 06:22:06
545,Beringovskiy,RU,63.05,179.3167,-8.92,100,88,2.21,Overcast Clouds,2021-11-11 06:22:07
546,Nabire,ID,-3.3667,135.4833,28.13,83,100,0.71,Overcast Clouds,2021-11-11 06:22:08
547,Ahipara,NZ,-35.1667,173.1667,18.97,78,71,2.88,Broken Clouds,2021-11-11 06:22:08
548,Suraia,RO,45.6833,27.4,2.68,57,3,6.24,Clear Sky,2021-11-11 06:22:09
549,Akropong,GH,5.9746,-0.0854,22.53,95,65,1.36,Broken Clouds,2021-11-11 06:22:09
550,Aden,YE,12.7794,45.0367,28.1,57,5,5.38,Clear Sky,2021-11-11 06:22:10
551,Ukiah,US,39.1502,-123.2078,14.1,92,1,0.0,Clear Sky,2021-11-11 06:17:45
552,Bambanglipuro,ID,-7.95,110.2833,27.77,74,100,3.07,Light Rain,2021-11-11 06:22:11
553,Ladyzhyn,UA,48.685,29.2368,-1.03,50,27,5.09,Scattered Clouds,2021-11-11 06:22:11
554,Xichang,CN,27.8964,102.2634,18.37,55,59,1.57,Broken Clouds,2021-11-11 06:22:12
555,Port Moresby,PG,-9.4431,147.1797,32.68,62,40,4.12,Haze,2021-11-11 06:22:12
556,Jinxiang,CN,27.4327,120.6062,17.92,45,10,1.92,Clear Sky,2021-11-11 06:22:13
557,Kusadak,RS,44.3997,20.8033,4.02,71,100,3.11,Overcast Clouds,2021-11-11 06:23:13
558,Olinda,BR,-8.0089,-34.8553,26.85,74,40,3.6,Scattered Clouds,2021-11-11 06:23:14
559,Bosaso,SO,11.2842,49.1816,27.99,74,0,3.6,Clear Sky,2021-11-11 06:23:14
560,Igboho,NG,8.8333,3.75,22.37,89,100,1.39,Overcast Clouds,2021-11-11 06:23:15
561,Micheldorf,AT,46.9222,14.4405,7.06,92,4,0.81,Clear Sky,2021-11-11 06:23:16
562,Crotone,IT,39.0851,17.1178,12.74,82,8,0.53,Clear Sky,2021-11-11 06:23:16
563,Saint George,US,37.1041,-113.5841,14.88,42,1,1.34,Clear Sky,2021-11-11 06:23:17
564,Dover,US,39.1582,-75.5244,13.3,93,1,2.06,Clear Sky,2021-11-11 06:23:18
565,Lasa,IT,46.6166,10.7002,-0.59,94,83,0.65,Broken Clouds,2021-11-11 06:23:18
566,Corinth,GR,37.9407,22.9573,13.83,58,98,4.15,Overcast Clouds,2021-11-11 06:23:19
567,Makaryev,RU,57.8797,43.8069,-0.55,90,100,6.72,Light Snow,2021-11-11 06:23:20
568,Mount Isa,AU,-20.7333,139.5,27.87,65,71,5.66,Broken Clouds,2021-11-11 06:23:20
569,Katsuura,JP,35.1333,140.3,21.73,56,0,12.53,Clear Sky,2021-11-11 06:23:21
570,Labuhan,ID,-6.8844,112.2051,30.45,64,100,3.18,Overcast Clouds,2021-11-11 06:23:21
571,Fallon,US,39.4735,-118.7774,8.01,75,20,2.06,Few Clouds,2021-11-11 06:23:22
572,Kushiro,JP,42.975,144.3747,11.53,71,20,8.75,Few Clouds,2021-11-11 06:23:22
573,Santa Maria,BR,-29.6842,-53.8069,14.09,86,56,5.14,Broken Clouds,2021-11-11 06:19:15
574,Tromso,NO,69.6496,18.957,3.36,87,75,1.34,Drizzle,2021-11-11 06:23:23
575,Utiel,ES,39.5667,-1.2,8.46,69,13,1.81,Few Clouds,2021-11-11 06:23:24
576,Chumikan,RU,54.7183,135.315,-2.03,91,100,3.77,Snow,2021-11-11 06:23:24
577,Carbonia,IT,39.1672,8.5222,13.33,85,1,2.62,Clear Sky,2021-11-11 06:23:25
578,Ramgarh,IN,23.6333,85.5167,27.03,45,47,1.48,Scattered Clouds,2021-11-11 06:23:25
579,Sfantu Gheorghe,RO,45.8667,25.7833,1.07,60,3,0.76,Clear Sky,2021-11-11 06:23:26
580,Cayenne,GF,4.9333,-52.3333,24.49,91,40,0.0,Scattered Clouds,2021-11-11 06:23:26
581,Hualmay,PE,-11.0964,-77.6139,17.11,85,50,3.21,Scattered Clouds,2021-11-11 06:23:27
582,Faya,SA,18.3851,42.4509,18.06,33,0,1.28,Clear Sky,2021-11-11 06:23:27
583,Zielona Gora,PL,51.9355,15.5064,3.87,44,54,2.1,Broken Clouds,2021-11-11 06:23:28
584,De-Kastri,RU,51.4667,140.7833,1.49,96,68,1.35,Light Rain,2021-11-11 06:23:28
585,Broome,US,42.2506,-75.833,4.45,68,1,2.57,Clear Sky,2021-11-11 06:23:29
586,Wajima,JP,37.4,136.9,12.38,87,75,5.14,Broken Clouds,2021-11-11 06:23:30
587,Ritchie,ZA,-29.038,24.6028,24.56,17,6,1.63,Clear Sky,2021-11-11 06:23:31
588,Umm Lajj,SA,25.0213,37.2685,27.1,47,86,0.72,Overcast Clouds,2021-11-11 06:23:31
589,Caravelas,BR,-17.7125,-39.2481,23.47,90,100,2.16,Light Rain,2021-11-11 06:23:32
590,Kununurra,AU,-15.7667,128.7333,37.99,39,75,1.54,Broken Clouds,2021-11-11 06:23:33
591,Urcos,PE,-13.6861,-71.6228,11.8,84,96,1.62,Overcast Clouds,2021-11-11 06:23:33
592,Katherine,AU,-14.4667,132.2667,38.18,34,0,4.63,Clear Sky,2021-11-11 06:23:34
593,Hambantota,LK,6.1241,81.1185,32.19,66,40,5.14,Scattered Clouds,2021-11-11 06:23:34
594,Palmas,BR,-10.2128,-48.3603,23.93,94,75,1.03,Broken Clouds,2021-11-11 06:23:35
595,Sovetskiy,RU,61.3614,63.5842,-9.87,85,38,3.7,Scattered Clouds,2021-11-11 06:23:35
596,Kampot,KH,10.6167,104.1833,29.03,88,100,4.34,Moderate Rain,2021-11-11 06:23:36
597,Ikalamavony,MG,-21.15,46.5833,32.16,23,4,1.16,Clear Sky,2021-11-11 06:23:36
598,Nouadhibou,MR,20.931,-17.0347,18.99,72,57,1.54,Broken Clouds,2021-11-11 06:23:37
599,Dalbandin,PK,28.8947,64.4101,20.1,25,0,4.38,Clear Sky,2021-11-11 06:23:38
600,Jalor,IN,25.35,72.6167,30.39,15,33,1.28,Scattered Clouds,2021-11-11 06:23:38
601,Vostok,RU,46.4856,135.8833,-4.15,86,100,3.52,Light Snow,2021-11-11 06:24:39
602,Aroysund,NO,59.1806,10.455,7.16,81,0,6.69,Clear Sky,2021-11-11 06:24:39
603,Koregaon,IN,18.65,74.0833,27.6,22,92,6.08,Overcast Clouds,2021-11-11 06:24:40
604,Loreto,MX,22.2667,-101.9667,13.77,34,2,1.83,Clear Sky,2021-11-11 06:24:40
605,Arman,RU,59.7,150.1667,1.12,95,100,5.32,Moderate Rain,2021-11-11 06:24:41
606,Erie,US,42.7667,-78.6664,6.64,70,100,1.34,Overcast Clouds,2021-11-11 06:24:42
607,Bilma,NE,18.6853,12.9164,23.9,15,1,3.41,Clear Sky,2021-11-11 06:24:42
608,Paka,MY,4.6374,103.4368,28.96,74,40,2.57,Moderate Rain,2021-11-11 06:24:43
609,Braco Do Norte,BR,-28.275,-49.1656,18.48,98,100,0.64,Overcast Clouds,2021-11-11 06:24:44
610,Drayton Valley,CA,53.2168,-114.9854,-3.05,53,5,2.54,Clear Sky,2021-11-11 06:24:44
611,Gorin,RU,51.1983,136.6669,-0.27,92,100,0.65,Overcast Clouds,2021-11-11 06:24:45
612,Grand-Lahou,CI,5.1367,-5.0242,24.84,91,87,1.54,Overcast Clouds,2021-11-11 06:24:45
613,Sistranda,NO,63.7256,8.834,8.28,83,95,13.52,Overcast Clouds,2021-11-11 06:24:46
614,Aljezur,PT,37.3191,-8.8033,13.77,82,24,1.86,Few Clouds,2021-11-11 06:24:46
615,Am Timan,TD,11.0297,20.2827,26.64,32,19,1.56,Few Clouds,2021-11-11 06:24:47
616,Rovaniemi,FI,66.5,25.7167,-1.33,100,0,4.63,Clear Sky,2021-11-11 06:24:48
617,Pressbaum,AT,48.176,16.0477,4.85,91,90,0.89,Overcast Clouds,2021-11-11 06:24:48
618,Taksimo,RU,56.3444,114.8794,-7.2,80,92,0.89,Overcast Clouds,2021-11-11 06:24:49
619,Sri Aman,MY,1.2376,111.4621,30.03,79,40,0.51,Scattered Clouds,2021-11-11 06:24:49
620,Bonthe,SL,7.5264,-12.505,25.64,83,100,0.29,Light Rain,2021-11-11 06:24:50
621,Chakia,IN,26.4167,85.05,26.72,42,11,1.59,Few Clouds,2021-11-11 06:24:50
622,Springbok,ZA,-29.6643,17.8865,20.75,17,38,1.85,Scattered Clouds,2021-11-11 06:24:51
623,Kondinskoye,RU,59.6481,67.41,-8.45,82,6,1.62,Clear Sky,2021-11-11 06:24:51
624,Port Keats,AU,-14.25,129.55,32.16,55,38,5.32,Scattered Clouds,2021-11-11 06:24:52
625,Baoro,CF,5.6667,15.9667,21.88,87,92,0.21,Overcast Clouds,2021-11-11 06:24:52
626,Ronneby,SE,56.21,15.276,8.28,100,75,0.51,Light Rain,2021-11-11 06:24:53
627,Zanjan,IR,36.6736,48.4787,5.83,56,90,14.92,Overcast Clouds,2021-11-11 06:23:18
628,Guerrero Negro,MX,27.9769,-114.0611,18.86,85,0,2.56,Clear Sky,2021-11-11 06:24:54
629,Porangatu,BR,-13.4408,-49.1486,20.99,97,100,0.74,Overcast Clouds,2021-11-11 06:24:55
630,Solca,RO,47.7,25.85,-0.2,79,14,1.29,Few Clouds,2021-11-11 06:24:55
631,Odienne,CI,9.51,-7.5692,21.56,93,89,0.82,Overcast Clouds,2021-11-11 06:24:56
632,Jiaojiang,CN,28.6803,121.4428,17.91,45,1,2.57,Clear Sky,2021-11-11 06:24:57
633,Vydrino,RU,51.485,104.8461,5.11,61,23,1.0,Few Clouds,2021-11-11 06:24:57
634,Vale,GE,41.6156,42.8722,2.63,80,100,1.06,Overcast Clouds,2021-11-11 06:24:58
635,Banda Aceh,ID,5.5577,95.3222,27.69,79,100,4.75,Overcast Clouds,2021-11-11 06:24:58
636,Vestmannaeyjar,IS,63.4427,-20.2734,4.39,81,91,8.27,Overcast Clouds,2021-11-11 06:24:59
637,Yantal,RU,56.8471,105.2542,2.32,78,100,7.18,Light Rain,2021-11-11 06:24:59
638,Santa Helena,BR,-2.2311,-45.3,22.01,97,30,0.82,Scattered Clouds,2021-11-11 06:25:00
639,Hondo,JP,32.45,130.2,15.97,71,79,7.55,Broken Clouds,2021-11-11 06:25:00
640,Okhotsk,RU,59.3833,143.3,0.32,92,100,13.02,Light Snow,2021-11-11 06:25:01
641,Ca Mau,VN,9.1769,105.15,24.04,97,100,3.45,Moderate Rain,2021-11-11 06:25:02
642,Akdepe,TM,42.0551,59.3788,8.05,37,4,3.45,Clear Sky,2021-11-11 06:25:03
643,Diamantino,BR,-14.4086,-56.4461,22.47,95,100,2.89,Light Rain,2021-11-11 06:25:04
644,Inirida,CO,3.8653,-67.9239,22.48,94,23,1.2,Few Clouds,2021-11-11 06:25:05
645,Xacmaz,AZ,41.4635,48.806,5.92,73,100,6.6,Overcast Clouds,2021-11-11 06:25:05
646,Shamsabad,IN,27.0167,78.1333,26.98,27,15,0.93,Few Clouds,2021-11-11 06:25:06
647,Susaki,JP,33.3667,133.2833,17.04,66,39,3.99,Scattered Clouds,2021-11-11 06:26:07
648,Rimouski,CA,48.4488,-68.524,3.82,84,31,3.4,Scattered Clouds,2021-11-11 06:26:08
649,Kuching,MY,1.55,110.3333,30.12,70,20,1.54,Moderate Rain,2021-11-11 06:26:09
650,Toamasina,MG,-18.1667,49.3833,30.0,66,40,2.06,Scattered Clouds,2021-11-11 06:26:10
651,Jedrzejow,PL,50.6394,20.3045,3.68,80,90,2.74,Overcast Clouds,2021-11-11 06:26:10
652,Boyuibe,BO,-20.4167,-63.2833,16.91,96,100,2.61,Overcast Clouds,2021-11-11 06:26:11
653,Port Blair,IN,11.6667,92.75,29.36,69,95,5.31,Overcast Clouds,2021-11-11 06:26:11
654,Khorol,UA,49.7837,33.2783,-0.09,62,16,3.88,Few Clouds,2021-11-11 06:26:12
655,Mindelo,CV,16.8901,-24.9804,22.75,73,20,5.14,Few Clouds,2021-11-11 06:26:13
656,Los Llanos De Aridane,ES,28.6585,-17.9182,17.86,75,75,0.89,Broken Clouds,2021-11-11 06:26:13
657,Riviere-Au-Renard,CA,48.9957,-64.3971,1.16,62,73,7.0,Broken Clouds,2021-11-11 06:26:14
658,Naryan-Mar,RU,67.6713,53.087,-4.18,95,100,7.94,Light Snow,2021-11-11 06:26:14
659,Sukhobezvodnoye,RU,57.0491,44.8891,-2.32,92,95,6.35,Snow,2021-11-11 06:26:15
660,Yingkou,CN,40.6648,122.2283,3.99,54,50,7.46,Light Rain,2021-11-11 06:26:16
661,Yenagoa,NG,4.9247,6.2642,24.11,94,100,1.4,Overcast Clouds,2021-11-11 06:26:16
662,Acarau,BR,-2.8856,-40.12,25.94,79,52,4.83,Broken Clouds,2021-11-11 06:26:17
663,Port Lincoln,AU,-34.7333,135.8667,11.81,80,100,7.53,Light Rain,2021-11-11 06:26:17
664,General Roca,AR,-39.0333,-67.5833,15.22,75,100,4.84,Light Rain,2021-11-11 06:26:18
665,Bulawayo,ZW,-20.15,28.5833,20.88,64,100,2.04,Overcast Clouds,2021-11-11 06:26:18
666,Woodward,US,36.4337,-99.3904,8.74,83,1,2.57,Clear Sky,2021-11-11 06:26:19
667,Swan River,CA,52.1058,-101.2676,-1.06,100,100,7.72,Snow,2021-11-11 06:26:20
668,Igrim,RU,63.1906,64.4162,-9.84,82,39,4.01,Scattered Clouds,2021-11-11 06:26:20
669,Paciran,ID,-6.8767,112.3761,30.56,62,100,3.39,Overcast Clouds,2021-11-11 06:26:21
670,San Jose,US,37.3394,-121.895,15.87,77,1,2.06,Clear Sky,2021-11-11 06:22:06
671,Puerto Rico,AR,-26.796,-55.024,18.78,97,96,1.2,Overcast Clouds,2021-11-11 06:26:22
672,Cotonou,BJ,6.3654,2.4183,25.99,94,40,2.06,Scattered Clouds,2021-11-11 06:26:22
673,Grenfell,AU,-33.9,148.1667,15.47,83,100,2.96,Light Rain,2021-11-11 06:26:23
674,Pecos,US,31.4229,-103.4932,19.06,34,1,2.57,Clear Sky,2021-11-11 06:26:23
675,Shama,CN,33.6102,104.2852,5.48,47,100,2.69,Overcast Clouds,2021-11-11 06:26:24
676,Motygino,RU,58.1831,94.7592,0.39,89,100,5.5,Overcast Clouds,2021-11-11 06:21:31
677,Todos Santos,MX,23.45,-110.2167,21.53,93,0,1.68,Clear Sky,2021-11-11 06:26:25
678,Tyup,KG,42.7276,78.3648,3.4,78,15,0.7,Few Clouds,2021-11-11 06:26:25
679,Dieppe,FR,49.75,1.1667,6.85,93,62,1.29,Broken Clouds,2021-11-11 06:26:25
680,Port Augusta,AU,-32.5,137.7667,9.28,80,100,9.55,Light Rain,2021-11-11 06:26:26
681,Falun,SE,60.6036,15.626,4.23,88,53,4.29,Broken Clouds,2021-11-11 06:21:51
682,Astana,KZ,51.1801,71.446,2.97,48,0,6.0,Clear Sky,2021-11-11 06:26:27
683,Barcelos,PT,41.5388,-8.6151,12.73,83,50,1.49,Scattered Clouds,2021-11-11 06:26:27
684,Colmenar Viejo,ES,40.6591,-3.7676,6.05,67,1,1.5,Clear Sky,2021-11-11 06:26:28
685,Chekmagush,RU,55.1319,54.6556,-5.14,70,6,2.64,Clear Sky,2021-11-11 06:26:28
686,Coffs Harbour,AU,-30.3,153.1333,25.15,89,90,0.0,Light Intensity Shower Rain,2021-11-11 06:26:29
687,Chapais,CA,49.7834,-74.8492,-3.12,84,14,2.64,Few Clouds,2021-11-11 06:26:29
688,Honningsvag,NO,70.9821,25.9704,2.74,81,99,7.01,Overcast Clouds,2021-11-11 06:26:30
689,San Jose De Guanipa,VE,8.8872,-64.1651,22.28,88,76,3.9,Broken Clouds,2021-11-11 06:26:31
690,Muroto,JP,33.2833,134.15,17.02,57,24,10.2,Few Clouds,2021-11-11 06:26:31
691,Maldonado,UY,-34.6667,-54.9167,12.66,89,49,2.26,Scattered Clouds,2021-11-11 06:26:32
692,Kingston,JM,17.997,-76.7936,26.53,86,20,2.57,Few Clouds,2021-11-11 06:26:21
693,Skibbereen,IE,51.55,-9.2667,12.89,98,100,5.23,Overcast Clouds,2021-11-11 06:26:33
694,Puerto Leguizamo,CO,-0.1934,-74.7819,22.06,95,99,0.85,Light Rain,2021-11-11 06:26:33
695,Saquarema,BR,-22.92,-42.5103,20.81,79,100,1.81,Overcast Clouds,2021-11-11 06:24:39
696,Puerto Varas,CL,-41.3195,-72.9854,4.12,100,0,1.03,Clear Sky,2021-11-11 06:27:34
697,Sibolga,ID,1.7427,98.7792,27.63,78,93,2.44,Light Rain,2021-11-11 06:27:35
698,Fuxin,CN,42.0156,121.6589,2.77,58,55,5.79,Broken Clouds,2021-11-11 06:27:35
699,Biloela,AU,-24.4167,150.5,28.81,66,96,6.08,Moderate Rain,2021-11-11 06:27:36
700,Dolores,AR,-36.3132,-57.6792,12.62,84,62,3.28,Broken Clouds,2021-11-11 06:27:36
701,Maniitsoq,GL,65.4167,-52.9,-9.22,63,7,2.86,Clear Sky,2021-11-11 06:27:37
702,Mattru,SL,7.6244,-11.8332,23.57,96,100,0.56,Overcast Clouds,2021-11-11 06:27:37
703,Coihaique,CL,-45.5752,-72.0662,3.97,75,0,1.54,Clear Sky,2021-11-11 06:27:38
704,La Paz,BO,-16.5,-68.15,6.99,100,75,3.09,Fog,2021-11-11 06:27:38
705,Kamsack,CA,51.5667,-101.9009,-0.75,95,100,6.02,Snow,2021-11-11 06:27:39
706,Oliver,CA,49.1831,-119.5524,4.41,70,67,1.03,Broken Clouds,2021-11-11 06:27:39
707,Konstantinovka,RU,49.6167,127.9833,-0.95,68,100,8.1,Overcast Clouds,2021-11-11 06:27:40
708,Lampitak,PH,6.4322,125.0525,26.77,67,94,1.26,Overcast Clouds,2021-11-11 06:27:40
709,Kingaroy,AU,-26.5333,151.8333,24.02,78,99,1.03,Overcast Clouds,2021-11-11 06:27:41
710,Opelousas,US,30.5335,-92.0815,18.9,88,75,3.09,Broken Clouds,2021-11-11 06:27:41
711,Morondava,MG,-20.2833,44.2833,29.84,48,0,1.08,Clear Sky,2021-11-11 06:27:42
712,Port Alberni,CA,49.2413,-124.8028,8.84,95,100,0.89,Overcast Clouds,2021-11-11 06:27:43
713,Kedrovyy,RU,56.1667,91.8167,1.23,94,100,4.62,Light Rain,2021-11-11 06:27:43
